"1","24","195","3","0","24","24","190","3- 3- 3- 2","Do you like bars of gold more than bars of iron?- Do you like bars of iron more than bars of gold?- Do you like shipments of spices more than bars of gold?- Do you like bars of gold more than shipments of spices?- what do you like the most?- Do you like shipments of spices more than shipments of bananas?- what do you like the least?- Do you like shipments of bananas more than shipments of spices?","",""
"2","0","425","2","5","17","0- 7- 13- 17- 17","110- 145- 205- 290- 380","5- 5- 5- 5","Do you like bars of gold more than bars of iron?- Do you like bars of iron more than bars of gold?- Do you like shipments of spices more than bars of gold?- Do you like bars of gold more than shipments of spices?- do you like bars of iron more than shipments of spices?- Do you like shipments of bananas more than bars of iron?- Do you like shipments of spices more than bars of iron?- what do you like the most?- Do you like bars of iron more than shipments of bananas?- what do you like the least?","14- 14- 32","145- 205- 380"
"3","12","575","2","1","30","12- 10- 10- 12","70- 145- 345- 405","5- 5- 5- 2","Do you like bars of gold more than bars of iron?- Do you like bars of iron more than bars of gold?- Do you like shipments of spices more than bars of gold?- Do you like bars of gold more than shipments of spices?- do you like bars of iron more than shipments of spices?- Do you like shipments of bananas more than bars of iron?- Do you like shipments of spices more than bars of iron?- what do you like the most?- Do you like bars of iron more than shipments of bananas?- what do you like the least?","4- 30","70- 575"
"4","32","560","0","1","32","32- 32- 35- 35- 42- 38","150- 195- 255- 325- 415- 525","5- 5- 1- 0","Do you like bars of gold more than bars of iron?- Do you like bars of iron more than bars of gold?- Do you like shipments of spices more than bars of gold?- Do you like bars of gold more than shipments of spices?- do you like bars of iron more than shipments of spices?- Do you like shipments of bananas more than bars of iron?- Do you like shipments of spices more than bars of iron?- what do you like the most?- Do you like shipments of bananas more than bars of gold?- Do you like shipments of spices more than shipments of bananas?- Do you like bars of iron more than shipments of bananas?- Do you like bars of gold more than shipments of bananas?- what do you like the least?- Do you like shipments of bananas more than shipments of spices?","37- 37- 37- 37- 37","195- 255- 325- 415- 525"
"5","30","590","3","1","30","30","550","5- 3- 3- 0","Do you like shipments of spices more than bars of gold?- Do you like bars of gold more than shipments of spices?- Do you like shipments of bananas more than bars of iron?- what do you like the most?- Do you like shipments of bananas more than bars of gold?- Do you like bars of iron more than shipments of bananas?- Do you like bars of gold more than shipments of bananas?- what do you like the least?","4- 4- 8- 12- 16- 20- 23- 26- 29- 31- 33- 35","80- 150- 195- 250- 290- 320- 385- 430- 470- 550- 570- 575"
"6","21","570","3","0","21","21- 29- 24- 24- 27","165- 235- 270- 315- 495","5- 5- 2- 2","Do you like bars of gold more than bars of iron?- Do you like bars of iron more than bars of gold?- do you like bars of iron more than shipments of spices?- Do you like shipments of bananas more than bars of iron?- Do you like shipments of spices more than bars of iron?- what do you like the most?- Do you like bars of iron more than shipments of bananas?- what do you like the least?","41- 41- 41- 41","235- 270- 315- 495"
"7","12","555","1","0","19","12- 15- 15- 35","425- 455- 500- 525","5- 5- 1- 5","Do you like bars of gold more than bars of iron?- Do you like bars of iron more than bars of gold?- Do you like shipments of spices more than bars of gold?- Do you like bars of gold more than shipments of spices?- Do you like shipments of bananas more than bars of iron?- what do you like the most?- Do you like shipments of bananas more than bars of gold?- Do you like shipments of spices more than shipments of bananas?- Do you like bars of iron more than shipments of bananas?- Do you like bars of gold more than shipments of bananas?- what do you like the least?- Do you like shipments of bananas more than shipments of spices?","4- 8- 12- 16- 23- 36","180- 220- 240- 315- 455- 525"
"8","12","590","3","1","35","12- 12- 16- 16","95- 150- 245- 315","5- 5- 5- 2","Do you like bars of gold more than bars of iron?- Do you like bars of iron more than bars of gold?- do you like bars of iron more than shipments of spices?- Do you like shipments of bananas more than bars of iron?- Do you like shipments of spices more than bars of iron?- what do you like the most?- Do you like bars of iron more than shipments of bananas?- what do you like the least?","4- 35","95- 575"
"9","28","260","1","0","32","28- 32","95- 255","3- 3- 3- 1","Do you like bars of gold more than bars of iron?- Do you like bars of iron more than bars of gold?- Do you like shipments of spices more than bars of gold?- Do you like bars of gold more than shipments of spices?- do you like bars of iron more than shipments of spices?- Do you like shipments of bananas more than bars of iron?- Do you like shipments of spices more than bars of iron?- what do you like the most?- Do you like shipments of bananas more than bars of gold?- Do you like shipments of spices more than shipments of bananas?- Do you like bars of gold more than shipments of bananas?- what do you like the least?","",""
"11","33","500","0","1","33","33","405","5- 3- 2- 0","Do you like bars of gold more than bars of iron?- Do you like bars of iron more than bars of gold?- Do you like shipments of spices more than bars of gold?- Do you like bars of gold more than shipments of spices?- do you like bars of iron more than shipments of spices?- Do you like shipments of bananas more than bars of iron?- Do you like shipments of spices more than bars of iron?- what do you like the most?- Do you like shipments of bananas more than bars of gold?- Do you like shipments of spices more than shipments of bananas?- Do you like bars of iron more than shipments of bananas?- Do you like bars of gold more than shipments of bananas?- what do you like the least?- Do you like shipments of bananas more than shipments of spices?","",""
"12","29","175","2","0","29","29","165","5- 5- 2- 0","Do you like bars of gold more than bars of iron?- Do you like bars of iron more than bars of gold?- Do you like shipments of spices more than bars of gold?- Do you like bars of gold more than shipments of spices?- Do you like shipments of bananas more than bars of iron?- what do you like the most?- Do you like shipments of bananas more than bars of gold?- Do you like bars of iron more than shipments of bananas?- Do you like bars of gold more than shipments of bananas?- what do you like the least?","",""
"13","34","290","0","0","34","34","270","5- 4- 1- 0","Do you like bars of gold more than bars of iron?- Do you like bars of iron more than bars of gold?- Do you like shipments of spices more than bars of gold?- Do you like bars of gold more than shipments of spices?- do you like bars of iron more than shipments of spices?- Do you like shipments of bananas more than bars of iron?- Do you like shipments of spices more than bars of iron?- what do you like the most?- Do you like shipments of bananas more than bars of gold?- Do you like shipments of spices more than shipments of bananas?- Do you like bars of iron more than shipments of bananas?- Do you like bars of gold more than shipments of bananas?- what do you like the least?- Do you like shipments of bananas more than shipments of spices?","",""
"14","35","200","2","0","35","35","195","5- 5- 0- 0","Do you like bars of gold more than bars of iron?- Do you like bars of iron more than bars of gold?- do you like bars of iron more than shipments of spices?- Do you like shipments of bananas more than bars of iron?- Do you like shipments of spices more than bars of iron?- what do you like the most?- Do you like shipments of bananas more than bars of gold?- Do you like shipments of spices more than shipments of bananas?- Do you like bars of gold more than shipments of bananas?- what do you like the least?","",""
"15","0","585","2","1","20","0- 8- 4- 4- 4- 8- 12- 12- 6","105- 205- 255- 315- 360- 455- 535- 555- 565","5- 5- 5- 5","Do you like bars of gold more than bars of iron?- Do you like bars of iron more than bars of gold?- Do you like shipments of spices more than bars of gold?- Do you like bars of gold more than shipments of spices?- do you like bars of iron more than shipments of spices?- Do you like shipments of bananas more than bars of iron?- Do you like shipments of spices more than bars of iron?- what do you like the most?- Do you like bars of iron more than shipments of bananas?- what do you like the least?","4- 4- 8- 20- 35","105- 205- 315- 555- 575"
"16","0","585","2","0","34","","","","Do you like bars of gold more than bars of iron?- Do you like bars of iron more than bars of gold?- Do you like shipments of spices more than bars of gold?- Do you like bars of gold more than shipments of spices?- do you like bars of iron more than shipments of spices?- Do you like shipments of bananas more than bars of iron?- Do you like shipments of spices more than bars of iron?- what do you like the most?- Do you like bars of iron more than shipments of bananas?- what do you like the least?","4- 8- 12- 16- 20- 23- 26- 34","170- 340- 385- 490- 505- 555- 570- 575"
"18","0","595","4","0","35","0- 4- 8- 12- 16- 20","270- 330- 365- 415- 460- 490","5- 5- 5- 5","Do you like shipments of spices more than bars of gold?- Do you like bars of gold more than shipments of spices?- do you like bars of iron more than shipments of spices?- Do you like shipments of spices more than bars of iron?- what do you like the most?- Do you like shipments of spices more than shipments of bananas?- what do you like the least?","4- 8- 12- 16- 20- 23- 30","270- 330- 365- 415- 460- 490- 575"
"19","0","415","1","4","27","0- 3- 3- 6- 9- 12- 15- 17- 17- 19- 19- 19- 23- 27","95- 125- 145- 165- 185- 205- 230- 250- 270- 295- 325- 345- 375- 395","5- 5- 5- 5","Do you like bars of gold more than bars of iron?- Do you like bars of iron more than bars of gold?- Do you like shipments of spices more than bars of gold?- Do you like bars of gold more than shipments of spices?- do you like bars of iron more than shipments of spices?- Do you like shipments of bananas more than bars of iron?- Do you like shipments of spices more than bars of iron?- what do you like the most?- Do you like shipments of bananas more than bars of gold?- Do you like bars of iron more than shipments of bananas?- Do you like bars of gold more than shipments of bananas?- what do you like the least?","4- 8- 12- 16- 20- 23- 26- 29- 30- 31- 32","95- 145- 165- 185- 205- 230- 270- 325- 345- 375- 395"
"20","20","370","3","0","20","20","360","5- 5- 5- 0","Do you like bars of gold more than bars of iron?- Do you like bars of iron more than bars of gold?- Do you like shipments of bananas more than bars of iron?- what do you like the most?- Do you like shipments of spices more than shipments of bananas?- Do you like bars of iron more than shipments of bananas?- what do you like the least?- Do you like shipments of bananas more than shipments of spices?","",""
"22","8","455","1","1","35","8- 4- 4- 8- 12- 12- 16- 20- 23- 26- 29- 32","210- 235- 260- 280- 295- 305- 325- 340- 360- 400- 420- 440","4- 5- 4- 4","Do you like bars of gold more than bars of iron?- Do you like bars of iron more than bars of gold?- Do you like shipments of spices more than bars of gold?- Do you like bars of gold more than shipments of spices?- do you like bars of iron more than shipments of spices?- Do you like shipments of bananas more than bars of iron?- Do you like shipments of spices more than bars of iron?- what do you like the most?- Do you like shipments of bananas more than bars of gold?- Do you like bars of iron more than shipments of bananas?- Do you like bars of gold more than shipments of bananas?- what do you like the least?","4- 8- 12- 16- 20- 23- 26- 29- 32- 35","210- 260- 280- 305- 325- 340- 360- 400- 420- 440"
"23","35","260","3","0","35","35","240","5- 5- 0- 0","Do you like bars of gold more than bars of iron?- Do you like bars of iron more than bars of gold?- Do you like shipments of bananas more than bars of iron?- what do you like the most?- Do you like shipments of bananas more than bars of gold?- Do you like bars of iron more than shipments of bananas?- Do you like bars of gold more than shipments of bananas?- what do you like the least?","",""
"24","31","425","1","0","31","31","400","5- 5- 0- 1","Do you like bars of gold more than bars of iron?- Do you like bars of iron more than bars of gold?- Do you like shipments of spices more than bars of gold?- Do you like bars of gold more than shipments of spices?- do you like bars of iron more than shipments of spices?- Do you like shipments of spices more than bars of iron?- what do you like the most?- Do you like shipments of bananas more than bars of gold?- Do you like shipments of spices more than shipments of bananas?- Do you like bars of gold more than shipments of bananas?- what do you like the least?- Do you like shipments of bananas more than shipments of spices?","",""
"25","2","170","0","0","25","2- 6- 20- 25","20- 75- 120- 165","5- 4- 5- 5","Do you like bars of gold more than bars of iron?- Do you like bars of iron more than bars of gold?- Do you like shipments of spices more than bars of gold?- Do you like bars of gold more than shipments of spices?- do you like bars of iron more than shipments of spices?- Do you like shipments of bananas more than bars of iron?- Do you like shipments of spices more than bars of iron?- what do you like the most?- Do you like shipments of bananas more than bars of gold?- Do you like shipments of spices more than shipments of bananas?- Do you like bars of iron more than shipments of bananas?- Do you like bars of gold more than shipments of bananas?- what do you like the least?- Do you like shipments of bananas more than shipments of spices?","4","20"
"26","35","50","0","0","35","35","45","5- 5- 0- 0","Do you like bars of gold more than bars of iron?- Do you like bars of iron more than bars of gold?- Do you like shipments of spices more than bars of gold?- Do you like bars of gold more than shipments of spices?- do you like bars of iron more than shipments of spices?- Do you like shipments of bananas more than bars of iron?- Do you like shipments of spices more than bars of iron?- what do you like the most?- Do you like shipments of bananas more than bars of gold?- Do you like shipments of spices more than shipments of bananas?- Do you like bars of iron more than shipments of bananas?- Do you like bars of gold more than shipments of bananas?- what do you like the least?- Do you like shipments of bananas more than shipments of spices?","",""
"27","20","150","4","0","33","20- 33","110- 140","5- 5- 5- 0","Do you like shipments of spices more than bars of gold?- Do you like bars of gold more than shipments of spices?- do you like bars of iron more than shipments of spices?- Do you like shipments of bananas more than bars of iron?- Do you like shipments of spices more than bars of iron?- what do you like the most?- what do you like the least?","",""
"28","35","180","0","0","35","35","165","5- 5- 0- 0","Do you like bars of gold more than bars of iron?- Do you like bars of iron more than bars of gold?- Do you like shipments of spices more than bars of gold?- Do you like bars of gold more than shipments of spices?- do you like bars of iron more than shipments of spices?- Do you like shipments of bananas more than bars of iron?- Do you like shipments of spices more than bars of iron?- what do you like the most?- Do you like shipments of bananas more than bars of gold?- Do you like shipments of spices more than shipments of bananas?- Do you like bars of iron more than shipments of bananas?- Do you like bars of gold more than shipments of bananas?- what do you like the least?- Do you like shipments of bananas more than shipments of spices?","4- 4","45- 80"
"29","5","580","0","1","33","5- 7- 7- 8","355- 390- 425- 490","5- 4- 4- 5","Do you like bars of gold more than bars of iron?- Do you like bars of iron more than bars of gold?- Do you like shipments of spices more than bars of gold?- Do you like bars of gold more than shipments of spices?- do you like bars of iron more than shipments of spices?- Do you like shipments of bananas more than bars of iron?- Do you like shipments of spices more than bars of iron?- what do you like the most?- Do you like shipments of bananas more than bars of gold?- Do you like shipments of spices more than shipments of bananas?- Do you like bars of iron more than shipments of bananas?- Do you like bars of gold more than shipments of bananas?- what do you like the least?- Do you like shipments of bananas more than shipments of spices?","4- 8- 12- 33","115- 245- 390- 575"
"30","35","140","1","0","35","35","110","5- 5- 0- 0","Do you like shipments of spices more than bars of gold?- Do you like bars of gold more than shipments of spices?- do you like bars of iron more than shipments of spices?- Do you like shipments of bananas more than bars of iron?- Do you like shipments of spices more than bars of iron?- what do you like the most?- Do you like shipments of bananas more than bars of gold?- Do you like shipments of spices more than shipments of bananas?- Do you like bars of iron more than shipments of bananas?- Do you like bars of gold more than shipments of bananas?- what do you like the least?- Do you like shipments of bananas more than shipments of spices?","",""
"32","0","475","2","1","35","0- 4- 8- 12- 16- 20- 23- 23- 26- 29- 32","100- 140- 185- 245- 270- 335- 355- 370- 395- 430- 460","5- 5- 5- 5","Do you like bars of gold more than bars of iron?- Do you like bars of iron more than bars of gold?- Do you like shipments of spices more than bars of gold?- Do you like bars of gold more than shipments of spices?- do you like bars of iron more than shipments of spices?- Do you like shipments of spices more than bars of iron?- what do you like the most?- Do you like shipments of bananas more than bars of gold?- Do you like shipments of spices more than shipments of bananas?- Do you like bars of gold more than shipments of bananas?- what do you like the least?","4- 8- 12- 16- 20- 23- 26- 29- 32- 35","100- 140- 185- 245- 270- 335- 370- 395- 430- 460"
"33","0","590","3","1","24","","","","Do you like bars of gold more than bars of iron?- Do you like bars of iron more than bars of gold?- Do you like shipments of spices more than bars of gold?- Do you like bars of gold more than shipments of spices?- do you like bars of iron more than shipments of spices?- Do you like shipments of bananas more than bars of iron?- Do you like shipments of spices more than bars of iron?- what do you like the most?- what do you like the least?","29","575"
"34","0","580","2","2","35","0- 3- 3- 6- 6","260- 310- 395- 435- 505","5- 5- 5- 5","Do you like bars of gold more than bars of iron?- Do you like bars of iron more than bars of gold?- do you like bars of iron more than shipments of spices?- Do you like shipments of bananas more than bars of iron?- Do you like shipments of spices more than bars of iron?- what do you like the most?- Do you like shipments of spices more than shipments of bananas?- Do you like bars of iron more than shipments of bananas?- what do you like the least?- Do you like shipments of bananas more than shipments of spices?","4- 8- 12- 35","260- 395- 435- 575"
"35","35","585","3","3","35","35- 15- 11","450- 500- 550","5- 2- 2- 0","Do you like bars of gold more than bars of iron?- Do you like bars of iron more than bars of gold?- Do you like shipments of spices more than bars of gold?- Do you like bars of gold more than shipments of spices?- do you like bars of iron more than shipments of spices?- Do you like shipments of bananas more than bars of iron?- Do you like shipments of spices more than bars of iron?- what do you like the most?- what do you like the least?","4- 4- 35","450- 500- 575"
"37","4","255","1","1","26","4- 20- 26","100- 200- 245","5- 5- 5- 4","Do you like bars of gold more than bars of iron?- Do you like bars of iron more than bars of gold?- Do you like shipments of spices more than bars of gold?- Do you like bars of gold more than shipments of spices?- do you like bars of iron more than shipments of spices?- Do you like shipments of bananas more than bars of iron?- Do you like shipments of spices more than bars of iron?- what do you like the most?- Do you like shipments of bananas more than bars of gold?- Do you like bars of iron more than shipments of bananas?- Do you like bars of gold more than shipments of bananas?- what do you like the least?","",""
"39","0","560","1","0","20","0- 2- 2- 4- 4- 6- 6- 8- 8- 8- 10- 8- 13- 13- 16- 13- 16- 16- 20- 22- 18- 20- 16- 17","35- 65- 85- 95- 105- 115- 125- 135- 145- 160- 165- 180- 205- 230- 240- 245- 260- 275- 330- 350- 370- 390- 390- 415","5- 5- 5- 5","Do you like bars of gold more than bars of iron?- Do you like bars of iron more than bars of gold?- Do you like shipments of spices more than bars of gold?- Do you like bars of gold more than shipments of spices?- do you like bars of iron more than shipments of spices?- Do you like shipments of bananas more than bars of iron?- Do you like shipments of spices more than bars of iron?- what do you like the most?- Do you like shipments of bananas more than bars of gold?- Do you like shipments of spices more than shipments of bananas?- Do you like bars of gold more than shipments of bananas?- what do you like the least?","4- 8- 12- 16- 16- 20- 22- 24- 24- 26- 27- 28- 31- 34- 35","35- 85- 105- 125- 135- 160- 180- 205- 230- 245- 275- 330- 370- 390- 550"
"40","20","420","1","1","35","20- 20- 23- 23- 26- 41- 35","290- 305- 325- 335- 340- 390- 420","5- 5- 5- 0","Do you like bars of gold more than bars of iron?- Do you like bars of iron more than bars of gold?- Do you like shipments of spices more than bars of gold?- Do you like bars of gold more than shipments of spices?- Do you like shipments of bananas more than bars of iron?- what do you like the most?- Do you like shipments of bananas more than bars of gold?- Do you like shipments of spices more than shipments of bananas?- Do you like bars of iron more than shipments of bananas?- Do you like bars of gold more than shipments of bananas?- what do you like the least?- Do you like shipments of bananas more than shipments of spices?","23- 26- 29","305- 335- 390"
"42","0","595","0","0","35","","","","Do you like bars of gold more than bars of iron?- Do you like bars of iron more than bars of gold?- Do you like shipments of spices more than bars of gold?- Do you like bars of gold more than shipments of spices?- do you like bars of iron more than shipments of spices?- Do you like shipments of bananas more than bars of iron?- Do you like shipments of spices more than bars of iron?- what do you like the most?- Do you like shipments of bananas more than bars of gold?- Do you like shipments of spices more than shipments of bananas?- Do you like bars of iron more than shipments of bananas?- Do you like bars of gold more than shipments of bananas?- what do you like the least?- Do you like shipments of bananas more than shipments of spices?","30","575"
"43","33","480","0","0","33","33","450","5- 3- 2- 0","Do you like bars of gold more than bars of iron?- Do you like bars of iron more than bars of gold?- Do you like shipments of spices more than bars of gold?- Do you like bars of gold more than shipments of spices?- do you like bars of iron more than shipments of spices?- Do you like shipments of bananas more than bars of iron?- Do you like shipments of spices more than bars of iron?- what do you like the most?- Do you like shipments of bananas more than bars of gold?- Do you like shipments of spices more than shipments of bananas?- Do you like bars of iron more than shipments of bananas?- Do you like bars of gold more than shipments of bananas?- what do you like the least?- Do you like shipments of bananas more than shipments of spices?","",""
"44","0","580","2","0","35","0- 4- 8- 12- 16- 20- 22- 24- 26- 29- 32","190- 260- 285- 320- 385- 415- 435- 470- 490- 550- 570","5- 5- 5- 5","Do you like bars of gold more than bars of iron?- Do you like bars of iron more than bars of gold?- Do you like shipments of spices more than bars of gold?- Do you like bars of gold more than shipments of spices?- do you like bars of iron more than shipments of spices?- Do you like shipments of bananas more than bars of iron?- Do you like shipments of spices more than bars of iron?- what do you like the most?- Do you like bars of iron more than shipments of bananas?- what do you like the least?","4- 8- 12- 16- 20- 23- 26- 26- 28- 30- 30- 30","190- 260- 285- 320- 385- 415- 435- 470- 490- 550- 570- 575"
"45","20","595","2","1","22","20- 20- 20","380- 465- 545","5- 5- 5- 0","Do you like bars of gold more than bars of iron?- Do you like bars of iron more than bars of gold?- Do you like shipments of spices more than bars of gold?- Do you like bars of gold more than shipments of spices?- Do you like shipments of bananas more than bars of iron?- what do you like the most?- Do you like shipments of spices more than shipments of bananas?- Do you like bars of iron more than shipments of bananas?- what do you like the least?- Do you like shipments of bananas more than shipments of spices?","29- 37","545- 575"
"46","28","210","1","0","30","28- 30- 30","110- 150- 205","5- 2- 3- 1","Do you like shipments of spices more than bars of gold?- Do you like bars of gold more than shipments of spices?- do you like bars of iron more than shipments of spices?- Do you like shipments of bananas more than bars of iron?- Do you like shipments of spices more than bars of iron?- what do you like the most?- Do you like shipments of bananas more than bars of gold?- Do you like shipments of spices more than shipments of bananas?- Do you like bars of iron more than shipments of bananas?- Do you like bars of gold more than shipments of bananas?- what do you like the least?- Do you like shipments of bananas more than shipments of spices?","29","150"
"47","0","590","3","1","33","","","","Do you like shipments of spices more than bars of gold?- Do you like bars of gold more than shipments of spices?- Do you like shipments of bananas more than bars of iron?- what do you like the most?- Do you like shipments of spices more than shipments of bananas?- Do you like bars of iron more than shipments of bananas?- what do you like the least?- Do you like shipments of bananas more than shipments of spices?","4- 4- 8- 28","210- 340- 440- 575"
"48","35","125","1","0","35","35","100","5- 5- 0- 0","Do you like bars of gold more than bars of iron?- Do you like bars of iron more than bars of gold?- Do you like shipments of spices more than bars of gold?- Do you like bars of gold more than shipments of spices?- do you like bars of iron more than shipments of spices?- Do you like shipments of bananas more than bars of iron?- Do you like shipments of spices more than bars of iron?- what do you like the most?- Do you like shipments of spices more than shipments of bananas?- Do you like bars of iron more than shipments of bananas?- what do you like the least?- Do you like shipments of bananas more than shipments of spices?","",""
"49","35","275","2","0","35","35","255","5- 5- 0- 0","Do you like shipments of spices more than bars of gold?- Do you like bars of gold more than shipments of spices?- do you like bars of iron more than shipments of spices?- Do you like shipments of bananas more than bars of iron?- Do you like shipments of spices more than bars of iron?- what do you like the most?- Do you like shipments of spices more than shipments of bananas?- Do you like bars of iron more than shipments of bananas?- what do you like the least?- Do you like shipments of bananas more than shipments of spices?","",""
"50","0","580","0","0","0","","","","Do you like bars of gold more than bars of iron?- Do you like bars of iron more than bars of gold?- Do you like shipments of spices more than bars of gold?- Do you like bars of gold more than shipments of spices?- do you like bars of iron more than shipments of spices?- Do you like shipments of bananas more than bars of iron?- Do you like shipments of spices more than bars of iron?- what do you like the most?- Do you like shipments of bananas more than bars of gold?- Do you like shipments of spices more than shipments of bananas?- Do you like bars of iron more than shipments of bananas?- Do you like bars of gold more than shipments of bananas?- what do you like the least?- Do you like shipments of bananas more than shipments of spices?","35","575"
"51","0","575","0","0","0","","","","Do you like bars of gold more than bars of iron?- Do you like bars of iron more than bars of gold?- Do you like shipments of spices more than bars of gold?- Do you like bars of gold more than shipments of spices?- do you like bars of iron more than shipments of spices?- Do you like shipments of bananas more than bars of iron?- Do you like shipments of spices more than bars of iron?- what do you like the most?- Do you like shipments of bananas more than bars of gold?- Do you like shipments of spices more than shipments of bananas?- Do you like bars of iron more than shipments of bananas?- Do you like bars of gold more than shipments of bananas?- what do you like the least?- Do you like shipments of bananas more than shipments of spices?","35","575"
"54","0","590","1","1","30","0- 4- 8- 12- 12- 16- 20- 20- 22- 27- 27","175- 210- 235- 285- 295- 340- 375- 450- 480- 520- 570","5- 5- 5- 5","Do you like bars of gold more than bars of iron?- Do you like bars of iron more than bars of gold?- Do you like shipments of spices more than bars of gold?- Do you like bars of gold more than shipments of spices?- do you like bars of iron more than shipments of spices?- Do you like shipments of bananas more than bars of iron?- Do you like shipments of spices more than bars of iron?- what do you like the most?- Do you like shipments of spices more than shipments of bananas?- Do you like bars of iron more than shipments of bananas?- what do you like the least?- Do you like shipments of bananas more than shipments of spices?","4- 8- 12- 20- 23- 26- 29- 31- 31- 33- 35","175- 210- 235- 295- 340- 375- 450- 480- 520- 570- 575"
"55","0","415","1","1","35","","","","Do you like bars of gold more than bars of iron?- Do you like bars of iron more than bars of gold?- Do you like shipments of spices more than bars of gold?- Do you like bars of gold more than shipments of spices?- Do you like shipments of bananas more than bars of iron?- what do you like the most?- Do you like shipments of bananas more than bars of gold?- Do you like shipments of spices more than shipments of bananas?- Do you like bars of iron more than shipments of bananas?- Do you like bars of gold more than shipments of bananas?- what do you like the least?- Do you like shipments of bananas more than shipments of spices?","4- 8- 12- 16- 20- 23- 23- 26- 29- 32- 35","165- 200- 215- 235- 255- 270- 310- 340- 365- 385- 405"
"57","13","360","1","5","22","13- 18- 12- 9- 12- 18- 22","50- 90- 145- 185- 245- 325- 355","5- 4- 4- 3","Do you like shipments of spices more than bars of gold?- Do you like bars of gold more than shipments of spices?- do you like bars of iron more than shipments of spices?- Do you like shipments of bananas more than bars of iron?- Do you like shipments of spices more than bars of iron?- what do you like the most?- Do you like shipments of bananas more than bars of gold?- Do you like shipments of spices more than shipments of bananas?- Do you like bars of iron more than shipments of bananas?- Do you like bars of gold more than shipments of bananas?- what do you like the least?- Do you like shipments of bananas more than shipments of spices?","4- 4- 4- 4- 4","50- 90- 145- 185- 245"
"58","0","580","2","1","33","0","300","5- 5- 5- 5","do you like bars of iron more than shipments of spices?- Do you like shipments of bananas more than bars of iron?- Do you like shipments of spices more than bars of iron?- what do you like the most?- Do you like shipments of bananas more than bars of gold?- Do you like shipments of spices more than shipments of bananas?- Do you like bars of iron more than shipments of bananas?- Do you like bars of gold more than shipments of bananas?- what do you like the least?- Do you like shipments of bananas more than shipments of spices?","33","575"
"60","33","295","0","0","36","33- 33","200- 280","5- 3- 2- 0","Do you like bars of gold more than bars of iron?- Do you like bars of iron more than bars of gold?- Do you like shipments of spices more than bars of gold?- Do you like bars of gold more than shipments of spices?- do you like bars of iron more than shipments of spices?- Do you like shipments of bananas more than bars of iron?- Do you like shipments of spices more than bars of iron?- what do you like the most?- Do you like shipments of bananas more than bars of gold?- Do you like shipments of spices more than shipments of bananas?- Do you like bars of iron more than shipments of bananas?- Do you like bars of gold more than shipments of bananas?- what do you like the least?- Do you like shipments of bananas more than shipments of spices?","31","280"
"62","28","565","1","1","31","28- 30- 32- 31- 31- 39- 39","150- 175- 210- 295- 355- 410- 495","4- 1- 4- 1","Do you like bars of gold more than bars of iron?- Do you like bars of iron more than bars of gold?- Do you like shipments of spices more than bars of gold?- Do you like bars of gold more than shipments of spices?- do you like bars of iron more than shipments of spices?- Do you like shipments of bananas more than bars of iron?- Do you like shipments of spices more than bars of iron?- what do you like the most?- Do you like shipments of spices more than shipments of bananas?- Do you like bars of iron more than shipments of bananas?- what do you like the least?- Do you like shipments of bananas more than shipments of spices?","28- 28- 28- 28- 28- 28","175- 210- 295- 355- 410- 495"
"63","0","575","3","1","33","0- 2- 5- 8","55- 220- 420- 560","5- 5- 5- 5","Do you like bars of gold more than bars of iron?- Do you like bars of iron more than bars of gold?- Do you like shipments of spices more than bars of gold?- Do you like bars of gold more than shipments of spices?- Do you like shipments of bananas more than bars of iron?- what do you like the most?- Do you like bars of iron more than shipments of bananas?- what do you like the least?","4- 8- 12- 16- 33","55- 220- 420- 560- 575"
"64","32","220","3","0","32","32","185","5- 3- 1- 1","Do you like bars of gold more than bars of iron?- Do you like bars of iron more than bars of gold?- Do you like shipments of bananas more than bars of iron?- what do you like the most?- Do you like shipments of spices more than shipments of bananas?- Do you like bars of iron more than shipments of bananas?- what do you like the least?- Do you like shipments of bananas more than shipments of spices?","",""
"66","4","590","2","0","31","4- 4- 3- 4- 6- 8","135- 205- 320- 400- 505- 540","5- 5- 5- 4","Do you like bars of gold more than bars of iron?- Do you like bars of iron more than bars of gold?- Do you like shipments of spices more than bars of gold?- Do you like bars of gold more than shipments of spices?- Do you like shipments of bananas more than bars of iron?- what do you like the most?- Do you like shipments of spices more than shipments of bananas?- Do you like bars of iron more than shipments of bananas?- what do you like the least?- Do you like shipments of bananas more than shipments of spices?","4- 8- 36","135- 260- 575"
"68","28","205","2","0","33","28- 16- 31","110- 145- 165","3- 2- 5- 0","Do you like bars of gold more than bars of iron?- Do you like bars of iron more than bars of gold?- do you like bars of iron more than shipments of spices?- Do you like shipments of bananas more than bars of iron?- Do you like shipments of spices more than bars of iron?- what do you like the most?- Do you like shipments of spices more than shipments of bananas?- Do you like bars of iron more than shipments of bananas?- what do you like the least?- Do you like shipments of bananas more than shipments of spices?","4- 23","110- 165"
"69","30","375","1","0","30","30","370","5- 0- 5- 0","Do you like shipments of spices more than bars of gold?- Do you like bars of gold more than shipments of spices?- do you like bars of iron more than shipments of spices?- Do you like shipments of bananas more than bars of iron?- Do you like shipments of spices more than bars of iron?- what do you like the most?- Do you like shipments of bananas more than bars of gold?- Do you like shipments of spices more than shipments of bananas?- Do you like bars of iron more than shipments of bananas?- Do you like bars of gold more than shipments of bananas?- what do you like the least?- Do you like shipments of bananas more than shipments of spices?","",""
"70","0","520","1","0","35","","","","Do you like bars of gold more than bars of iron?- Do you like bars of iron more than bars of gold?- Do you like shipments of spices more than bars of gold?- Do you like bars of gold more than shipments of spices?- do you like bars of iron more than shipments of spices?- Do you like shipments of bananas more than bars of iron?- Do you like shipments of spices more than bars of iron?- what do you like the most?- Do you like shipments of spices more than shipments of bananas?- Do you like bars of iron more than shipments of bananas?- what do you like the least?- Do you like shipments of bananas more than shipments of spices?","4- 8- 12- 16- 20- 23- 26- 29- 32- 35","255- 320- 360- 400- 415- 435- 460- 475- 495- 505"
"72","20","345","2","0","35","20- 20- 23- 23- 35- 35- 29- 32- 35","90- 115- 140- 145- 195- 260- 320- 330- 335","5- 5- 5- 0","Do you like bars of gold more than bars of iron?- Do you like bars of iron more than bars of gold?- Do you like shipments of spices more than bars of gold?- Do you like bars of gold more than shipments of spices?- Do you like shipments of bananas more than bars of iron?- what do you like the most?- Do you like shipments of spices more than shipments of bananas?- Do you like bars of iron more than shipments of bananas?- what do you like the least?- Do you like shipments of bananas more than shipments of spices?","23- 26- 26- 26","115- 145- 195- 260"
"73","2","580","2","0","35","2","425","5- 4- 5- 5","Do you like bars of gold more than bars of iron?- Do you like bars of iron more than bars of gold?- Do you like shipments of spices more than bars of gold?- Do you like bars of gold more than shipments of spices?- do you like bars of iron more than shipments of spices?- Do you like shipments of bananas more than bars of iron?- Do you like shipments of spices more than bars of iron?- what do you like the most?- Do you like bars of iron more than shipments of bananas?- what do you like the least?","4- 35","425- 575"
"76","33","320","3","0","35","33- 36- 34- 35","180- 240- 300- 310","5- 3- 2- 0","Do you like shipments of spices more than bars of gold?- Do you like bars of gold more than shipments of spices?- what do you like the most?- Do you like shipments of bananas more than bars of gold?- Do you like shipments of spices more than shipments of bananas?- Do you like bars of gold more than shipments of bananas?- what do you like the least?- Do you like shipments of bananas more than shipments of spices?","33- 33","210- 240"
"78","0","595","0","3","34","","","","Do you like bars of gold more than bars of iron?- Do you like bars of iron more than bars of gold?- Do you like shipments of spices more than bars of gold?- Do you like bars of gold more than shipments of spices?- do you like bars of iron more than shipments of spices?- Do you like shipments of bananas more than bars of iron?- Do you like shipments of spices more than bars of iron?- what do you like the most?- Do you like shipments of bananas more than bars of gold?- Do you like shipments of spices more than shipments of bananas?- Do you like bars of iron more than shipments of bananas?- Do you like bars of gold more than shipments of bananas?- what do you like the least?- Do you like shipments of bananas more than shipments of spices?","4- 4- 8- 12- 16- 16- 16- 34","245- 300- 340- 370- 395- 445- 540- 575"
"79","7","580","0","0","19","7- 7- 20- 16- 14- 14- 11- 15- 11- 18","130- 170- 200- 220- 240- 265- 310- 325- 470- 520","5- 5- 4- 4","Do you like bars of gold more than bars of iron?- Do you like bars of iron more than bars of gold?- Do you like shipments of spices more than bars of gold?- Do you like bars of gold more than shipments of spices?- do you like bars of iron more than shipments of spices?- Do you like shipments of bananas more than bars of iron?- Do you like shipments of spices more than bars of iron?- what do you like the most?- Do you like shipments of bananas more than bars of gold?- Do you like shipments of spices more than shipments of bananas?- Do you like bars of iron more than shipments of bananas?- Do you like bars of gold more than shipments of bananas?- what do you like the least?- Do you like shipments of bananas more than shipments of spices?","4- 8- 8- 8- 8- 12- 27- 34","130- 200- 220- 240- 265- 325- 520- 575"
"80","0","0","1","1","0","","","","Do you like bars of gold more than bars of iron?- Do you like bars of iron more than bars of gold?- Do you like shipments of spices more than bars of gold?- Do you like bars of gold more than shipments of spices?- Do you like shipments of bananas more than bars of iron?- what do you like the most?- Do you like shipments of bananas more than bars of gold?- Do you like shipments of spices more than shipments of bananas?- Do you like bars of iron more than shipments of bananas?- Do you like bars of gold more than shipments of bananas?- what do you like the least?- Do you like shipments of bananas more than shipments of spices?","30","575"
"82","0","575","3","3","27","0- 6- 30- 5- 5- 11- 11- 13- 19- 23- 21","110- 155- 240- 340- 350- 365- 380- 385- 440- 530- 555","5- 5- 5- 5","Do you like shipments of spices more than bars of gold?- Do you like bars of gold more than shipments of spices?- do you like bars of iron more than shipments of spices?- Do you like shipments of bananas more than bars of iron?- Do you like shipments of spices more than bars of iron?- what do you like the most?- Do you like shipments of spices more than shipments of bananas?- what do you like the least?","12- 12- 27- 30- 30- 30- 37","155- 240- 385- 440- 530- 555- 575"
"83","20","360","1","1","35","20- 35","135- 350","5- 5- 5- 0","Do you like bars of gold more than bars of iron?- Do you like bars of iron more than bars of gold?- do you like bars of iron more than shipments of spices?- Do you like shipments of bananas more than bars of iron?- Do you like shipments of spices more than bars of iron?- what do you like the most?- Do you like shipments of bananas more than bars of gold?- Do you like shipments of spices more than shipments of bananas?- Do you like bars of iron more than shipments of bananas?- Do you like bars of gold more than shipments of bananas?- what do you like the least?- Do you like shipments of bananas more than shipments of spices?","",""
"88","0","0","2","0","0","","","","Do you like bars of gold more than bars of iron?- Do you like bars of iron more than bars of gold?- do you like bars of iron more than shipments of spices?- Do you like shipments of bananas more than bars of iron?- Do you like shipments of spices more than bars of iron?- what do you like the most?- Do you like shipments of bananas more than bars of gold?- Do you like bars of iron more than shipments of bananas?- Do you like bars of gold more than shipments of bananas?- what do you like the least?","35","575"
"90","16","240","2","0","35","16- 35","170- 225","5- 5- 5- 1","Do you like shipments of spices more than bars of gold?- Do you like bars of gold more than shipments of spices?- do you like bars of iron more than shipments of spices?- Do you like shipments of spices more than bars of iron?- what do you like the most?- Do you like shipments of bananas more than bars of gold?- Do you like shipments of spices more than shipments of bananas?- Do you like bars of gold more than shipments of bananas?- what do you like the least?- Do you like shipments of bananas more than shipments of spices?","",""
"91","35","115","1","0","35","35","110","5- 5- 0- 0","Do you like bars of gold more than bars of iron?- Do you like bars of iron more than bars of gold?- do you like bars of iron more than shipments of spices?- Do you like shipments of bananas more than bars of iron?- Do you like shipments of spices more than bars of iron?- what do you like the most?- Do you like shipments of bananas more than bars of gold?- Do you like shipments of spices more than shipments of bananas?- Do you like bars of iron more than shipments of bananas?- Do you like bars of gold more than shipments of bananas?- what do you like the least?- Do you like shipments of bananas more than shipments of spices?","",""
"92","35","265","3","0","35","35","260","5- 5- 0- 0","Do you like shipments of spices more than bars of gold?- Do you like bars of gold more than shipments of spices?- do you like bars of iron more than shipments of spices?- Do you like shipments of bananas more than bars of iron?- Do you like shipments of spices more than bars of iron?- what do you like the most?- Do you like bars of iron more than shipments of bananas?- what do you like the least?","",""
"94","35","285","6","0","35","35","280","5- 5- 0- 0","what do you like the most?- what do you like the least?","",""
"95","25","455","2","0","32","25- 31","320- 360","5- 2- 4- 1","Do you like shipments of spices more than bars of gold?- Do you like bars of gold more than shipments of spices?- Do you like shipments of bananas more than bars of iron?- what do you like the most?- Do you like shipments of bananas more than bars of gold?- Do you like shipments of spices more than shipments of bananas?- Do you like bars of iron more than shipments of bananas?- Do you like bars of gold more than shipments of bananas?- what do you like the least?- Do you like shipments of bananas more than shipments of spices?","32","360"
"96","35","365","0","1","35","35","355","5- 5- 0- 0","Do you like bars of gold more than bars of iron?- Do you like bars of iron more than bars of gold?- Do you like shipments of spices more than bars of gold?- Do you like bars of gold more than shipments of spices?- do you like bars of iron more than shipments of spices?- Do you like shipments of bananas more than bars of iron?- Do you like shipments of spices more than bars of iron?- what do you like the most?- Do you like shipments of bananas more than bars of gold?- Do you like shipments of spices more than shipments of bananas?- Do you like bars of iron more than shipments of bananas?- Do you like bars of gold more than shipments of bananas?- what do you like the least?- Do you like shipments of bananas more than shipments of spices?","",""
"97","20","185","1","0","31","20- 35- 31","70- 135- 175","5- 5- 5- 0","Do you like bars of gold more than bars of iron?- Do you like bars of iron more than bars of gold?- Do you like shipments of spices more than bars of gold?- Do you like bars of gold more than shipments of spices?- do you like bars of iron more than shipments of spices?- Do you like shipments of bananas more than bars of iron?- Do you like shipments of spices more than bars of iron?- what do you like the most?- Do you like shipments of spices more than shipments of bananas?- Do you like bars of iron more than shipments of bananas?- what do you like the least?- Do you like shipments of bananas more than shipments of spices?","23","135"
"99","30","530","1","1","0","30- 35- 50- 35","455- 480- 505- 525","5- 0- 5- 0","Do you like shipments of spices more than bars of gold?- Do you like bars of gold more than shipments of spices?- do you like bars of iron more than shipments of spices?- Do you like shipments of bananas more than bars of iron?- Do you like shipments of spices more than bars of iron?- what do you like the most?- Do you like shipments of bananas more than bars of gold?- Do you like shipments of spices more than shipments of bananas?- Do you like bars of iron more than shipments of bananas?- Do you like bars of gold more than shipments of bananas?- what do you like the least?- Do you like shipments of bananas more than shipments of spices?","4- 8- 12- 16- 20- 22- 24- 26- 26- 27- 28- 28- 35- 35","145- 175- 195- 235- 260- 275- 290- 325- 370- 395- 410- 430- 505- 525"
"100","34","300","4","0","34","34","275","3- 2- 3- 0","do you like bars of iron more than shipments of spices?- Do you like shipments of bananas more than bars of iron?- Do you like shipments of spices more than bars of iron?- what do you like the most?- Do you like bars of iron more than shipments of bananas?- what do you like the least?","",""
"101","20","470","2","0","35","20- 35- 23- 29- 32- 35","285- 365- 405- 430- 445- 465","5- 5- 5- 0","Do you like shipments of spices more than bars of gold?- Do you like bars of gold more than shipments of spices?- do you like bars of iron more than shipments of spices?- Do you like shipments of bananas more than bars of iron?- Do you like shipments of spices more than bars of iron?- what do you like the most?- Do you like shipments of bananas more than bars of gold?- Do you like bars of iron more than shipments of bananas?- Do you like bars of gold more than shipments of bananas?- what do you like the least?","23- 26","365- 405"
"102","0","400","1","1","30","0- 8- 20- 30","205- 275- 335- 390","5- 5- 5- 5","Do you like bars of gold more than bars of iron?- Do you like bars of iron more than bars of gold?- Do you like shipments of spices more than bars of gold?- Do you like bars of gold more than shipments of spices?- do you like bars of iron more than shipments of spices?- Do you like shipments of bananas more than bars of iron?- Do you like shipments of spices more than bars of iron?- what do you like the most?- Do you like shipments of bananas more than bars of gold?- Do you like shipments of spices more than shipments of bananas?- Do you like bars of gold more than shipments of bananas?- what do you like the least?","",""
"106","0","590","2","0","30","","","","Do you like shipments of spices more than bars of gold?- Do you like bars of gold more than shipments of spices?- do you like bars of iron more than shipments of spices?- Do you like shipments of bananas more than bars of iron?- Do you like shipments of spices more than bars of iron?- what do you like the most?- Do you like shipments of bananas more than bars of gold?- Do you like bars of iron more than shipments of bananas?- Do you like bars of gold more than shipments of bananas?- what do you like the least?","4- 8- 12- 16- 20- 22- 24- 26- 28- 30- 30","255- 290- 310- 330- 365- 385- 410- 470- 495- 515- 575"
"107","20","580","2","0","35","20- 35- 32- 35- 34- 29- 35- 35- 34- 29","85- 135- 170- 200- 230- 275- 360- 410- 505- 565","5- 5- 5- 0","Do you like bars of gold more than bars of iron?- Do you like bars of iron more than bars of gold?- Do you like shipments of spices more than bars of gold?- Do you like bars of gold more than shipments of spices?- Do you like shipments of bananas more than bars of iron?- what do you like the most?- Do you like shipments of spices more than shipments of bananas?- Do you like bars of iron more than shipments of bananas?- what do you like the least?- Do you like shipments of bananas more than shipments of spices?","23- 23- 23- 23- 26- 26- 26- 26- 35","135- 170- 200- 230- 360- 410- 445- 505- 575"
"108","25","260","3","0","25","25","255","4- 2- 3- 2","Do you like shipments of spices more than bars of gold?- Do you like bars of gold more than shipments of spices?- do you like bars of iron more than shipments of spices?- Do you like shipments of bananas more than bars of iron?- Do you like shipments of spices more than bars of iron?- what do you like the most?- Do you like bars of iron more than shipments of bananas?- what do you like the least?","",""
"109","11","265","2","0","35","11- 25- 35","165- 210- 260","5- 5- 4- 3","do you like bars of iron more than shipments of spices?- Do you like shipments of bananas more than bars of iron?- Do you like shipments of spices more than bars of iron?- what do you like the most?- Do you like shipments of bananas more than bars of gold?- Do you like shipments of spices more than shipments of bananas?- Do you like bars of iron more than shipments of bananas?- Do you like bars of gold more than shipments of bananas?- what do you like the least?- Do you like shipments of bananas more than shipments of spices?","",""
"110","35","250","3","0","35","35","225","5- 5- 0- 0","Do you like shipments of spices more than bars of gold?- Do you like bars of gold more than shipments of spices?- do you like bars of iron more than shipments of spices?- Do you like shipments of bananas more than bars of iron?- Do you like shipments of spices more than bars of iron?- what do you like the most?- Do you like bars of iron more than shipments of bananas?- what do you like the least?","",""
"112","31","205","1","0","36","31- 36","170- 195","3- 3- 2- 1","Do you like bars of gold more than bars of iron?- Do you like bars of iron more than bars of gold?- Do you like shipments of spices more than bars of gold?- Do you like bars of gold more than shipments of spices?- Do you like shipments of bananas more than bars of iron?- what do you like the most?- Do you like shipments of bananas more than bars of gold?- Do you like shipments of spices more than shipments of bananas?- Do you like bars of iron more than shipments of bananas?- Do you like bars of gold more than shipments of bananas?- what do you like the least?- Do you like shipments of bananas more than shipments of spices?","",""
"113","2","365","2","0","31","2- 22","95- 210","5- 4- 5- 5","Do you like shipments of spices more than bars of gold?- Do you like bars of gold more than shipments of spices?- Do you like shipments of bananas more than bars of iron?- what do you like the most?- Do you like shipments of bananas more than bars of gold?- Do you like shipments of spices more than shipments of bananas?- Do you like bars of iron more than shipments of bananas?- Do you like bars of gold more than shipments of bananas?- what do you like the least?- Do you like shipments of bananas more than shipments of spices?","23","240"
"114","35","140","2","0","35","35","125","5- 5- 0- 0","Do you like bars of gold more than bars of iron?- Do you like bars of iron more than bars of gold?- Do you like shipments of spices more than bars of gold?- Do you like bars of gold more than shipments of spices?- do you like bars of iron more than shipments of spices?- Do you like shipments of bananas more than bars of iron?- Do you like shipments of spices more than bars of iron?- what do you like the most?- Do you like bars of iron more than shipments of bananas?- what do you like the least?","",""
"115","20","220","3","0","35","20- 35","145- 210","5- 5- 5- 0","Do you like shipments of spices more than bars of gold?- Do you like bars of gold more than shipments of spices?- Do you like shipments of bananas more than bars of iron?- what do you like the most?- Do you like shipments of bananas more than bars of gold?- Do you like bars of iron more than shipments of bananas?- Do you like bars of gold more than shipments of bananas?- what do you like the least?","",""
"118","0","575","0","0","35","","","","Do you like bars of gold more than bars of iron?- Do you like bars of iron more than bars of gold?- Do you like shipments of spices more than bars of gold?- Do you like bars of gold more than shipments of spices?- do you like bars of iron more than shipments of spices?- Do you like shipments of bananas more than bars of iron?- Do you like shipments of spices more than bars of iron?- what do you like the most?- Do you like shipments of bananas more than bars of gold?- Do you like shipments of spices more than shipments of bananas?- Do you like bars of iron more than shipments of bananas?- Do you like bars of gold more than shipments of bananas?- what do you like the least?- Do you like shipments of bananas more than shipments of spices?","4- 8- 8- 12- 16- 30","90- 390- 425- 470- 520- 575"
"119","35","470","2","0","35","35- 12- 35","355- 415- 465","5- 5- 0- 0","Do you like shipments of spices more than bars of gold?- Do you like bars of gold more than shipments of spices?- do you like bars of iron more than shipments of spices?- Do you like shipments of bananas more than bars of iron?- Do you like shipments of spices more than bars of iron?- what do you like the most?- Do you like shipments of spices more than shipments of bananas?- Do you like bars of iron more than shipments of bananas?- what do you like the least?- Do you like shipments of bananas more than shipments of spices?","4","355"
"120","31","85","0","0","31","31","80","4- 4- 1- 1","Do you like bars of gold more than bars of iron?- Do you like bars of iron more than bars of gold?- Do you like shipments of spices more than bars of gold?- Do you like bars of gold more than shipments of spices?- do you like bars of iron more than shipments of spices?- Do you like shipments of bananas more than bars of iron?- Do you like shipments of spices more than bars of iron?- what do you like the most?- Do you like shipments of bananas more than bars of gold?- Do you like shipments of spices more than shipments of bananas?- Do you like bars of iron more than shipments of bananas?- Do you like bars of gold more than shipments of bananas?- what do you like the least?- Do you like shipments of bananas more than shipments of spices?","",""
"121","40","415","4","0","36","40- 36","305- 400","5- 1- 1- 0","Do you like shipments of bananas more than bars of iron?- what do you like the most?- Do you like shipments of bananas more than bars of gold?- Do you like bars of iron more than shipments of bananas?- Do you like bars of gold more than shipments of bananas?- what do you like the least?","4","305"
"123","28","590","1","0","30","28","560","5- 4- 3- 0","Do you like bars of gold more than bars of iron?- Do you like bars of iron more than bars of gold?- Do you like shipments of spices more than bars of gold?- Do you like bars of gold more than shipments of spices?- do you like bars of iron more than shipments of spices?- Do you like shipments of bananas more than bars of iron?- Do you like shipments of spices more than bars of iron?- what do you like the most?- Do you like shipments of bananas more than bars of gold?- Do you like bars of iron more than shipments of bananas?- Do you like bars of gold more than shipments of bananas?- what do you like the least?","4- 30","560- 575"
"124","0","585","1","1","35","0- 32- 35","330- 525- 570","5- 5- 5- 5","Do you like bars of gold more than bars of iron?- Do you like bars of iron more than bars of gold?- Do you like shipments of spices more than bars of gold?- Do you like bars of gold more than shipments of spices?- do you like bars of iron more than shipments of spices?- Do you like shipments of bananas more than bars of iron?- Do you like shipments of spices more than bars of iron?- what do you like the most?- Do you like shipments of bananas more than bars of gold?- Do you like bars of iron more than shipments of bananas?- Do you like bars of gold more than shipments of bananas?- what do you like the least?","4- 35","330- 575"
"125","0","565","1","0","36","0- 4- 4- 8- 8- 12- 12- 20- 22- 24- 30- 36","185- 255- 285- 325- 355- 395- 425- 475- 515- 525- 545- 560","5- 5- 5- 5","Do you like bars of gold more than bars of iron?- Do you like bars of iron more than bars of gold?- Do you like shipments of spices more than bars of gold?- Do you like bars of gold more than shipments of spices?- do you like bars of iron more than shipments of spices?- Do you like shipments of spices more than bars of iron?- what do you like the most?- Do you like shipments of bananas more than bars of gold?- Do you like shipments of spices more than shipments of bananas?- Do you like bars of gold more than shipments of bananas?- what do you like the least?- Do you like shipments of bananas more than shipments of spices?","4- 8- 12- 16","185- 285- 355- 425"
"128","12","165","2","0","35","12- 20- 35","45- 100- 155","5- 5- 5- 2","Do you like bars of gold more than bars of iron?- Do you like bars of iron more than bars of gold?- Do you like shipments of spices more than bars of gold?- Do you like bars of gold more than shipments of spices?- Do you like shipments of bananas more than bars of iron?- what do you like the most?- Do you like shipments of spices more than shipments of bananas?- Do you like bars of iron more than shipments of bananas?- what do you like the least?- Do you like shipments of bananas more than shipments of spices?","",""
"131","0","585","1","1","35","","","","Do you like bars of gold more than bars of iron?- Do you like bars of iron more than bars of gold?- Do you like shipments of spices more than bars of gold?- Do you like bars of gold more than shipments of spices?- do you like bars of iron more than shipments of spices?- Do you like shipments of bananas more than bars of iron?- Do you like shipments of spices more than bars of iron?- what do you like the most?- Do you like shipments of bananas more than bars of gold?- Do you like bars of iron more than shipments of bananas?- Do you like bars of gold more than shipments of bananas?- what do you like the least?","4- 4- 4- 8- 12- 16- 20- 23- 26- 26- 28- 30- 30","75- 155- 225- 245- 270- 310- 325- 445- 495- 510- 540- 565- 575"
"132","0","575","3","0","31","0- 4- 20- 8- 12- 12","250- 285- 320- 385- 450- 540","5- 5- 5- 5","Do you like bars of gold more than bars of iron?- Do you like bars of iron more than bars of gold?- Do you like shipments of bananas more than bars of iron?- what do you like the most?- Do you like shipments of bananas more than bars of gold?- Do you like bars of iron more than shipments of bananas?- Do you like bars of gold more than shipments of bananas?- what do you like the least?","4- 12- 16- 21- 31","250- 320- 385- 540- 575"
"134","28","365","1","0","28","28","355","4- 4- 2- 1","Do you like bars of gold more than bars of iron?- Do you like bars of iron more than bars of gold?- do you like bars of iron more than shipments of spices?- Do you like shipments of bananas more than bars of iron?- Do you like shipments of spices more than bars of iron?- what do you like the most?- Do you like shipments of bananas more than bars of gold?- Do you like shipments of spices more than shipments of bananas?- Do you like bars of iron more than shipments of bananas?- Do you like bars of gold more than shipments of bananas?- what do you like the least?- Do you like shipments of bananas more than shipments of spices?","",""
"135","35","130","1","0","35","35","125","5- 5- 0- 0","Do you like bars of gold more than bars of iron?- Do you like bars of iron more than bars of gold?- Do you like shipments of spices more than bars of gold?- Do you like bars of gold more than shipments of spices?- do you like bars of iron more than shipments of spices?- Do you like shipments of bananas more than bars of iron?- Do you like shipments of spices more than bars of iron?- what do you like the most?- Do you like shipments of spices more than shipments of bananas?- Do you like bars of iron more than shipments of bananas?- what do you like the least?- Do you like shipments of bananas more than shipments of spices?","",""
"136","8","475","1","0","34","8- 33- 34","120- 310- 470","5- 5- 5- 3","Do you like bars of gold more than bars of iron?- Do you like bars of iron more than bars of gold?- do you like bars of iron more than shipments of spices?- Do you like shipments of bananas more than bars of iron?- Do you like shipments of spices more than bars of iron?- what do you like the most?- Do you like shipments of bananas more than bars of gold?- Do you like shipments of spices more than shipments of bananas?- Do you like bars of iron more than shipments of bananas?- Do you like bars of gold more than shipments of bananas?- what do you like the least?- Do you like shipments of bananas more than shipments of spices?","",""
"138","0","585","3","2","35","0- 8- 12","420- 520- 555","5- 5- 5- 5","Do you like bars of gold more than bars of iron?- Do you like bars of iron more than bars of gold?- Do you like shipments of bananas more than bars of iron?- what do you like the most?- Do you like shipments of bananas more than bars of gold?- Do you like bars of iron more than shipments of bananas?- Do you like bars of gold more than shipments of bananas?- what do you like the least?","4- 30","420- 575"
"140","0","405","3","0","35","","","","Do you like bars of gold more than bars of iron?- Do you like bars of iron more than bars of gold?- Do you like shipments of spices more than bars of gold?- Do you like bars of gold more than shipments of spices?- do you like bars of iron more than shipments of spices?- Do you like shipments of spices more than bars of iron?- what do you like the most?- what do you like the least?","4- 8- 12- 16- 20- 23- 26- 29- 32- 35","125- 155- 180- 205- 225- 275- 310- 325- 345- 365"
"141","35","290","4","0","35","35","280","5- 5- 0- 0","Do you like shipments of spices more than bars of gold?- Do you like bars of gold more than shipments of spices?- Do you like shipments of bananas more than bars of iron?- what do you like the most?- Do you like shipments of spices more than shipments of bananas?- what do you like the least?","",""
"143","35","240","1","0","35","35","230","5- 5- 0- 0","Do you like bars of gold more than bars of iron?- Do you like bars of iron more than bars of gold?- Do you like shipments of spices more than bars of gold?- Do you like bars of gold more than shipments of spices?- do you like bars of iron more than shipments of spices?- Do you like shipments of bananas more than bars of iron?- Do you like shipments of spices more than bars of iron?- what do you like the most?- Do you like shipments of bananas more than bars of gold?- Do you like bars of iron more than shipments of bananas?- Do you like bars of gold more than shipments of bananas?- what do you like the least?","",""
"144","37","160","3","0","37","37","155","5- 4- 0- 0","Do you like shipments of spices more than bars of gold?- Do you like bars of gold more than shipments of spices?- Do you like shipments of bananas more than bars of iron?- what do you like the most?- Do you like shipments of bananas more than bars of gold?- Do you like shipments of spices more than shipments of bananas?- Do you like bars of gold more than shipments of bananas?- what do you like the least?","",""
"145","0","580","2","0","35","","","","Do you like bars of gold more than bars of iron?- Do you like bars of iron more than bars of gold?- Do you like shipments of spices more than bars of gold?- Do you like bars of gold more than shipments of spices?- Do you like shipments of bananas more than bars of iron?- what do you like the most?- Do you like shipments of bananas more than bars of gold?- Do you like shipments of spices more than shipments of bananas?- Do you like bars of gold more than shipments of bananas?- what do you like the least?","4- 4- 4- 30","215- 325- 390- 575"
"147","0","580","1","0","35","","","","Do you like bars of gold more than bars of iron?- Do you like bars of iron more than bars of gold?- Do you like shipments of spices more than bars of gold?- Do you like bars of gold more than shipments of spices?- do you like bars of iron more than shipments of spices?- Do you like shipments of bananas more than bars of iron?- Do you like shipments of spices more than bars of iron?- what do you like the most?- Do you like shipments of spices more than shipments of bananas?- Do you like bars of iron more than shipments of bananas?- what do you like the least?- Do you like shipments of bananas more than shipments of spices?","4- 8- 30","295- 550- 575"
"149","30","585","3","0","35","30","450","5- 0- 5- 0","do you like bars of iron more than shipments of spices?- Do you like shipments of bananas more than bars of iron?- Do you like shipments of spices more than bars of iron?- what do you like the most?- Do you like shipments of spices more than shipments of bananas?- Do you like bars of iron more than shipments of bananas?- what do you like the least?- Do you like shipments of bananas more than shipments of spices?","4- 30","450- 575"
"151","3","250","2","0","38","3- 7- 11- 15- 19- 20- 23- 26- 31- 36- 40- 38","65- 100- 110- 120- 125- 130- 160- 165- 175- 185- 195- 235","5- 5- 4- 5","Do you like shipments of spices more than bars of gold?- Do you like bars of gold more than shipments of spices?- do you like bars of iron more than shipments of spices?- Do you like shipments of bananas more than bars of iron?- Do you like shipments of spices more than bars of iron?- what do you like the most?- Do you like shipments of spices more than shipments of bananas?- Do you like bars of iron more than shipments of bananas?- what do you like the least?- Do you like shipments of bananas more than shipments of spices?","25","195"
"152","20","585","4","0","35","20- 35- 33- 33- 31- 32- 26","205- 270- 390- 425- 470- 525- 560","5- 5- 5- 0","Do you like shipments of spices more than bars of gold?- Do you like bars of gold more than shipments of spices?- Do you like shipments of bananas more than bars of iron?- what do you like the most?- Do you like bars of iron more than shipments of bananas?- what do you like the least?","23- 26- 26- 26- 26- 29- 35","270- 390- 425- 470- 525- 560- 575"
"153","39","480","4","0","39","39","410","5- 3- 0- 0","Do you like shipments of bananas more than bars of iron?- what do you like the most?- Do you like shipments of bananas more than bars of gold?- Do you like bars of iron more than shipments of bananas?- Do you like bars of gold more than shipments of bananas?- what do you like the least?","",""
"154","0","320","2","2","20","0- 3- 3- 12- 28- 23- 23- 22- 22- 20","55- 95- 135- 160- 185- 205- 235- 285- 295- 310","5- 5- 5- 5","Do you like bars of gold more than bars of iron?- Do you like bars of iron more than bars of gold?- do you like bars of iron more than shipments of spices?- Do you like shipments of bananas more than bars of iron?- Do you like shipments of spices more than bars of iron?- what do you like the most?- Do you like shipments of bananas more than bars of gold?- Do you like bars of iron more than shipments of bananas?- Do you like bars of gold more than shipments of bananas?- what do you like the least?","4- 8- 12- 12- 16- 20","55- 135- 160- 185- 205- 235"
"155","39","280","4","1","39","39","270","5- 3- 0- 0","Do you like bars of gold more than bars of iron?- Do you like bars of iron more than bars of gold?- Do you like shipments of bananas more than bars of iron?- what do you like the most?- Do you like shipments of bananas more than bars of gold?- Do you like bars of gold more than shipments of bananas?- what do you like the least?","",""
"156","35","315","4","0","35","35","310","5- 5- 0- 0","Do you like shipments of bananas more than bars of iron?- what do you like the most?- Do you like shipments of spices more than shipments of bananas?- Do you like bars of iron more than shipments of bananas?- what do you like the least?- Do you like shipments of bananas more than shipments of spices?","",""
"157","0","590","2","0","35","0- 2- 6- 10- 22","130- 300- 350- 385- 540","5- 5- 5- 5","Do you like bars of gold more than bars of iron?- Do you like bars of iron more than bars of gold?- Do you like shipments of spices more than bars of gold?- Do you like bars of gold more than shipments of spices?- do you like bars of iron more than shipments of spices?- Do you like shipments of bananas more than bars of iron?- Do you like shipments of spices more than bars of iron?- what do you like the most?- Do you like shipments of bananas more than bars of gold?- Do you like bars of gold more than shipments of bananas?- what do you like the least?","4- 8- 12- 16- 20- 23- 26- 30","130- 300- 350- 385- 435- 485- 540- 575"
"158","0","360","1","0","33","0- 30- 33","260- 340- 355","5- 5- 5- 5","Do you like shipments of spices more than bars of gold?- Do you like bars of gold more than shipments of spices?- do you like bars of iron more than shipments of spices?- Do you like shipments of bananas more than bars of iron?- Do you like shipments of spices more than bars of iron?- what do you like the most?- Do you like shipments of bananas more than bars of gold?- Do you like shipments of spices more than shipments of bananas?- Do you like bars of iron more than shipments of bananas?- Do you like bars of gold more than shipments of bananas?- what do you like the least?- Do you like shipments of bananas more than shipments of spices?","4","260"
"159","0","455","1","5","38","0- 2- 2- 4- 8- 12- 16- 20- 20- 20- 20- 29- 35- 40- 37- 37","65- 125- 160- 190- 245- 295- 325- 335- 340- 355- 360- 370- 380- 395- 415- 435","5- 5- 5- 5","Do you like bars of gold more than bars of iron?- Do you like bars of iron more than bars of gold?- Do you like shipments of spices more than bars of gold?- Do you like bars of gold more than shipments of spices?- do you like bars of iron more than shipments of spices?- Do you like shipments of bananas more than bars of iron?- Do you like shipments of spices more than bars of iron?- what do you like the most?- Do you like shipments of bananas more than bars of gold?- Do you like bars of iron more than shipments of bananas?- Do you like bars of gold more than shipments of bananas?- what do you like the least?","4- 10- 10- 19- 23- 23","65- 190- 245- 395- 415- 435"
"160","25","210","3","0","32","25- 31- 31- 32- 35","125- 145- 175- 185- 200","4- 4- 3- 1","Do you like bars of gold more than bars of iron?- Do you like bars of iron more than bars of gold?- Do you like shipments of bananas more than bars of iron?- what do you like the most?- Do you like shipments of bananas more than bars of gold?- Do you like bars of iron more than shipments of bananas?- Do you like bars of gold more than shipments of bananas?- what do you like the least?","34- 37","145- 200"
"161","32","190","2","1","35","32- 32","100- 175","5- 5- 1- 0","Do you like bars of gold more than bars of iron?- Do you like bars of iron more than bars of gold?- Do you like shipments of spices more than bars of gold?- Do you like bars of gold more than shipments of spices?- what do you like the most?- Do you like shipments of bananas more than bars of gold?- Do you like shipments of spices more than shipments of bananas?- Do you like bars of gold more than shipments of bananas?- what do you like the least?- Do you like shipments of bananas more than shipments of spices?","35","175"
"162","0","405","3","0","22","0- 22- 27- 25- 27- 28- 25- 23- 24- 24","75- 135- 155- 180- 205- 250- 290- 305- 380- 395","5- 5- 5- 5","Do you like bars of gold more than bars of iron?- Do you like bars of iron more than bars of gold?- Do you like shipments of spices more than bars of gold?- Do you like bars of gold more than shipments of spices?- do you like bars of iron more than shipments of spices?- Do you like shipments of spices more than bars of iron?- what do you like the most?- what do you like the least?","4- 42- 42- 42- 42- 42- 42- 42- 42- 42- 42","75- 155- 180- 205- 250- 290- 305- 335- 370- 380- 395"
"163","35","295","3","0","28","35- 28","165- 270","5- 5- 0- 0","Do you like shipments of spices more than bars of gold?- Do you like bars of gold more than shipments of spices?- do you like bars of iron more than shipments of spices?- Do you like shipments of bananas more than bars of iron?- Do you like shipments of spices more than bars of iron?- what do you like the most?- Do you like bars of iron more than shipments of bananas?- what do you like the least?","4","165"
"164","35","160","1","0","35","35","150","5- 5- 0- 0","Do you like bars of gold more than bars of iron?- Do you like bars of iron more than bars of gold?- Do you like shipments of spices more than bars of gold?- Do you like bars of gold more than shipments of spices?- do you like bars of iron more than shipments of spices?- Do you like shipments of spices more than bars of iron?- what do you like the most?- Do you like shipments of bananas more than bars of gold?- Do you like shipments of spices more than shipments of bananas?- Do you like bars of gold more than shipments of bananas?- what do you like the least?- Do you like shipments of bananas more than shipments of spices?","",""
"165","34","220","0","0","34","34","180","5- 4- 1- 0","Do you like bars of gold more than bars of iron?- Do you like bars of iron more than bars of gold?- Do you like shipments of spices more than bars of gold?- Do you like bars of gold more than shipments of spices?- do you like bars of iron more than shipments of spices?- Do you like shipments of bananas more than bars of iron?- Do you like shipments of spices more than bars of iron?- what do you like the most?- Do you like shipments of bananas more than bars of gold?- Do you like shipments of spices more than shipments of bananas?- Do you like bars of iron more than shipments of bananas?- Do you like bars of gold more than shipments of bananas?- what do you like the least?- Do you like shipments of bananas more than shipments of spices?","",""
"166","0","245","0","1","27","0- 27","105- 215","5- 5- 5- 5","Do you like bars of gold more than bars of iron?- Do you like bars of iron more than bars of gold?- Do you like shipments of spices more than bars of gold?- Do you like bars of gold more than shipments of spices?- do you like bars of iron more than shipments of spices?- Do you like shipments of bananas more than bars of iron?- Do you like shipments of spices more than bars of iron?- what do you like the most?- Do you like shipments of bananas more than bars of gold?- Do you like shipments of spices more than shipments of bananas?- Do you like bars of iron more than shipments of bananas?- Do you like bars of gold more than shipments of bananas?- what do you like the least?- Do you like shipments of bananas more than shipments of spices?","4","105"
"167","0","200","1","1","33","0- 38- 33","70- 135- 190","5- 5- 5- 5","Do you like bars of gold more than bars of iron?- Do you like bars of iron more than bars of gold?- Do you like shipments of spices more than bars of gold?- Do you like bars of gold more than shipments of spices?- Do you like shipments of bananas more than bars of iron?- what do you like the most?- Do you like shipments of bananas more than bars of gold?- Do you like shipments of spices more than shipments of bananas?- Do you like bars of iron more than shipments of bananas?- Do you like bars of gold more than shipments of bananas?- what do you like the least?- Do you like shipments of bananas more than shipments of spices?","4- 4","70- 135"
"168","32","140","0","0","32","32","135","5- 2- 3- 0","Do you like bars of gold more than bars of iron?- Do you like bars of iron more than bars of gold?- Do you like shipments of spices more than bars of gold?- Do you like bars of gold more than shipments of spices?- do you like bars of iron more than shipments of spices?- Do you like shipments of bananas more than bars of iron?- Do you like shipments of spices more than bars of iron?- what do you like the most?- Do you like shipments of bananas more than bars of gold?- Do you like shipments of spices more than shipments of bananas?- Do you like bars of iron more than shipments of bananas?- Do you like bars of gold more than shipments of bananas?- what do you like the least?- Do you like shipments of bananas more than shipments of spices?","",""
"169","35","245","4","0","35","35","230","5- 5- 0- 0","do you like bars of iron more than shipments of spices?- Do you like shipments of bananas more than bars of iron?- Do you like shipments of spices more than bars of iron?- what do you like the most?- Do you like bars of iron more than shipments of bananas?- what do you like the least?","",""
"170","35","130","4","0","35","35","125","5- 5- 0- 0","Do you like shipments of spices more than bars of gold?- Do you like bars of gold more than shipments of spices?- Do you like shipments of bananas more than bars of iron?- what do you like the most?- Do you like shipments of spices more than shipments of bananas?- what do you like the least?","",""
"171","35","115","3","0","35","35","110","5- 5- 0- 0","Do you like bars of gold more than bars of iron?- Do you like bars of iron more than bars of gold?- Do you like shipments of spices more than bars of gold?- Do you like bars of gold more than shipments of spices?- Do you like shipments of bananas more than bars of iron?- what do you like the most?- Do you like shipments of spices more than shipments of bananas?- what do you like the least?","",""
"172","45","185","1","1","39","45- 39","115- 175","5- 0- 0- 0","Do you like shipments of spices more than bars of gold?- Do you like bars of gold more than shipments of spices?- do you like bars of iron more than shipments of spices?- Do you like shipments of bananas more than bars of iron?- Do you like shipments of spices more than bars of iron?- what do you like the most?- Do you like shipments of bananas more than bars of gold?- Do you like shipments of spices more than shipments of bananas?- Do you like bars of iron more than shipments of bananas?- Do you like bars of gold more than shipments of bananas?- what do you like the least?- Do you like shipments of bananas more than shipments of spices?","4","115"
"173","35","200","5","0","25","35- 20- 21- 22- 23- 24- 25","100- 130- 145- 155- 175- 190- 195","5- 5- 0- 0","what do you like the most?- Do you like shipments of bananas more than bars of iron?- Do you like shipments of spices more than bars of gold?- what do you like the least?- Do you like bars of gold more than shipments of spices?","4","100"
"174","35","140","2","0","35","35","130","5- 5- 0- 0","Do you like shipments of spices more than bars of gold?- Do you like bars of gold more than shipments of spices?- do you like bars of iron more than shipments of spices?- Do you like shipments of bananas more than bars of iron?- Do you like shipments of spices more than bars of iron?- what do you like the most?- Do you like shipments of spices more than shipments of bananas?- Do you like bars of iron more than shipments of bananas?- what do you like the least?- Do you like shipments of bananas more than shipments of spices?","",""
"175","4","550","3","0","35","4- 20- 39- 26- 28- 34- 36- 35","145- 180- 290- 355- 380- 395- 430- 545","5- 5- 5- 4","Do you like shipments of spices more than bars of gold?- Do you like bars of gold more than shipments of spices?- what do you like the most?- Do you like shipments of bananas more than bars of gold?- Do you like shipments of spices more than shipments of bananas?- Do you like bars of gold more than shipments of bananas?- what do you like the least?- Do you like shipments of bananas more than shipments of spices?","23- 26- 29","290- 395- 430"
"176","20","575","1","1","37","20- 36- 45","215- 320- 565","5- 5- 5- 0","Do you like bars of gold more than bars of iron?- Do you like bars of iron more than bars of gold?- Do you like shipments of spices more than bars of gold?- Do you like bars of gold more than shipments of spices?- Do you like shipments of bananas more than bars of iron?- what do you like the most?- Do you like shipments of bananas more than bars of gold?- Do you like shipments of spices more than shipments of bananas?- Do you like bars of iron more than shipments of bananas?- Do you like bars of gold more than shipments of bananas?- what do you like the least?- Do you like shipments of bananas more than shipments of spices?","20- 23- 32","320- 565- 575"
"178","0","580","5","0","32","0- 7- 15- 18- 24- 32- 32","110- 220- 275- 310- 335- 375- 490","5- 5- 5- 5","what do you like the most?- Do you like shipments of bananas more than bars of iron?- Do you like shipments of spices more than bars of gold?- what do you like the least?- Do you like bars of gold more than shipments of spices?","4- 37","110- 575"
"180","26","435","0","0","26","26- 26","320- 400","1- 4- 5- 0","Do you like bars of gold more than bars of iron?- Do you like bars of iron more than bars of gold?- Do you like shipments of spices more than bars of gold?- Do you like bars of gold more than shipments of spices?- do you like bars of iron more than shipments of spices?- Do you like shipments of bananas more than bars of iron?- Do you like shipments of spices more than bars of iron?- what do you like the most?- Do you like shipments of bananas more than bars of gold?- Do you like shipments of spices more than shipments of bananas?- Do you like bars of iron more than shipments of bananas?- Do you like bars of gold more than shipments of bananas?- what do you like the least?- Do you like shipments of bananas more than shipments of spices?","",""
"181","33","330","3","1","33","33","320","5- 3- 2- 0","do you like bars of iron more than shipments of spices?- Do you like shipments of bananas more than bars of iron?- Do you like shipments of spices more than bars of iron?- what do you like the most?- Do you like shipments of spices more than shipments of bananas?- Do you like bars of iron more than shipments of bananas?- what do you like the least?- Do you like shipments of bananas more than shipments of spices?","",""
"183","35","175","0","0","35","35","165","5- 5- 0- 0","Do you like bars of gold more than bars of iron?- Do you like bars of iron more than bars of gold?- Do you like shipments of spices more than bars of gold?- Do you like bars of gold more than shipments of spices?- do you like bars of iron more than shipments of spices?- Do you like shipments of bananas more than bars of iron?- Do you like shipments of spices more than bars of iron?- what do you like the most?- Do you like shipments of bananas more than bars of gold?- Do you like shipments of spices more than shipments of bananas?- Do you like bars of iron more than shipments of bananas?- Do you like bars of gold more than shipments of bananas?- what do you like the least?- Do you like shipments of bananas more than shipments of spices?","",""
"184","35","130","1","0","35","35","120","5- 5- 0- 0","Do you like bars of gold more than bars of iron?- Do you like bars of iron more than bars of gold?- Do you like shipments of spices more than bars of gold?- Do you like bars of gold more than shipments of spices?- do you like bars of iron more than shipments of spices?- Do you like shipments of bananas more than bars of iron?- Do you like shipments of spices more than bars of iron?- what do you like the most?- Do you like shipments of bananas more than bars of gold?- Do you like bars of iron more than shipments of bananas?- Do you like bars of gold more than shipments of bananas?- what do you like the least?","",""
"185","35","220","1","0","35","35","205","5- 5- 0- 0","Do you like bars of gold more than bars of iron?- Do you like bars of iron more than bars of gold?- Do you like shipments of spices more than bars of gold?- Do you like bars of gold more than shipments of spices?- do you like bars of iron more than shipments of spices?- Do you like shipments of bananas more than bars of iron?- Do you like shipments of spices more than bars of iron?- what do you like the most?- Do you like shipments of spices more than shipments of bananas?- Do you like bars of iron more than shipments of bananas?- what do you like the least?- Do you like shipments of bananas more than shipments of spices?","",""
"186","25","310","3","0","25","25- 25","140- 305","2- 3- 3- 2","do you like bars of iron more than shipments of spices?- Do you like shipments of bananas more than bars of iron?- Do you like shipments of spices more than bars of iron?- what do you like the most?- Do you like shipments of bananas more than bars of gold?- Do you like shipments of spices more than shipments of bananas?- Do you like bars of gold more than shipments of bananas?- what do you like the least?","",""
"187","35","210","2","0","35","35","190","5- 5- 0- 0","Do you like bars of gold more than bars of iron?- Do you like bars of iron more than bars of gold?- Do you like shipments of spices more than bars of gold?- Do you like bars of gold more than shipments of spices?- do you like bars of iron more than shipments of spices?- Do you like shipments of bananas more than bars of iron?- Do you like shipments of spices more than bars of iron?- what do you like the most?- Do you like shipments of spices more than shipments of bananas?- what do you like the least?","",""
"188","35","140","3","0","35","35","135","5- 5- 0- 0","Do you like bars of gold more than bars of iron?- Do you like bars of iron more than bars of gold?- Do you like shipments of bananas more than bars of iron?- what do you like the most?- Do you like shipments of bananas more than bars of gold?- Do you like bars of iron more than shipments of bananas?- Do you like bars of gold more than shipments of bananas?- what do you like the least?","",""
"189","20","195","0","0","35","20- 35","145- 190","5- 5- 5- 0","Do you like bars of gold more than bars of iron?- Do you like bars of iron more than bars of gold?- Do you like shipments of spices more than bars of gold?- Do you like bars of gold more than shipments of spices?- do you like bars of iron more than shipments of spices?- Do you like shipments of bananas more than bars of iron?- Do you like shipments of spices more than bars of iron?- what do you like the most?- Do you like shipments of bananas more than bars of gold?- Do you like shipments of spices more than shipments of bananas?- Do you like bars of iron more than shipments of bananas?- Do you like bars of gold more than shipments of bananas?- what do you like the least?- Do you like shipments of bananas more than shipments of spices?","",""
"190","0","420","3","1","22","0- 0- 0- 8- 6- 10- 16- 20- 22","110- 150- 195- 205- 250- 300- 370- 385- 405","5- 5- 5- 5","Do you like shipments of spices more than bars of gold?- Do you like bars of gold more than shipments of spices?- do you like bars of iron more than shipments of spices?- Do you like shipments of bananas more than bars of iron?- Do you like shipments of spices more than bars of iron?- what do you like the most?- Do you like bars of iron more than shipments of bananas?- what do you like the least?","17- 21- 25","205- 250- 300"
"191","12","245","1","0","29","12- 20- 35- 29","40- 110- 170- 240","5- 5- 5- 2","Do you like bars of gold more than bars of iron?- Do you like bars of iron more than bars of gold?- Do you like shipments of spices more than bars of gold?- Do you like bars of gold more than shipments of spices?- do you like bars of iron more than shipments of spices?- Do you like shipments of bananas more than bars of iron?- Do you like shipments of spices more than bars of iron?- what do you like the most?- Do you like shipments of bananas more than bars of gold?- Do you like shipments of spices more than shipments of bananas?- Do you like bars of gold more than shipments of bananas?- what do you like the least?","25- 25","135- 170"
"192","35","80","2","0","35","35","70","5- 5- 0- 0","Do you like bars of gold more than bars of iron?- Do you like bars of iron more than bars of gold?- Do you like shipments of spices more than bars of gold?- Do you like bars of gold more than shipments of spices?- Do you like shipments of bananas more than bars of iron?- what do you like the most?- Do you like shipments of spices more than shipments of bananas?- Do you like bars of iron more than shipments of bananas?- what do you like the least?- Do you like shipments of bananas more than shipments of spices?","",""
"193","3","455","1","0","35","3- 6- 13- 17- 32- 35","155- 215- 255- 310- 385- 405","5- 5- 4- 5","Do you like bars of gold more than bars of iron?- Do you like bars of iron more than bars of gold?- Do you like shipments of spices more than bars of gold?- Do you like bars of gold more than shipments of spices?- do you like bars of iron more than shipments of spices?- Do you like shipments of bananas more than bars of iron?- Do you like shipments of spices more than bars of iron?- what do you like the most?- Do you like shipments of bananas more than bars of gold?- Do you like shipments of spices more than shipments of bananas?- Do you like bars of gold more than shipments of bananas?- what do you like the least?","4- 8- 12- 23- 35","50- 155- 215- 330- 440"
"194","8","240","2","0","35","8- 20- 33- 29- 35- 35","60- 85- 135- 175- 195- 220","5- 5- 5- 3","Do you like bars of gold more than bars of iron?- Do you like bars of iron more than bars of gold?- Do you like shipments of spices more than bars of gold?- Do you like bars of gold more than shipments of spices?- Do you like shipments of bananas more than bars of iron?- what do you like the most?- Do you like shipments of spices more than shipments of bananas?- Do you like bars of iron more than shipments of bananas?- what do you like the least?- Do you like shipments of bananas more than shipments of spices?","23- 35- 35","135- 195- 220"
"195","13","520","3","0","35","13- 35","240- 510","4- 5- 5- 2","Do you like shipments of spices more than bars of gold?- Do you like bars of gold more than shipments of spices?- do you like bars of iron more than shipments of spices?- Do you like shipments of bananas more than bars of iron?- Do you like shipments of spices more than bars of iron?- what do you like the most?- Do you like bars of iron more than shipments of bananas?- what do you like the least?","",""
"197","12","460","1","0","29","12- 4- 12- 29","225- 265- 330- 455","5- 5- 5- 2","Do you like bars of gold more than bars of iron?- Do you like bars of iron more than bars of gold?- Do you like shipments of spices more than bars of gold?- Do you like bars of gold more than shipments of spices?- do you like bars of iron more than shipments of spices?- Do you like shipments of bananas more than bars of iron?- Do you like shipments of spices more than bars of iron?- what do you like the most?- Do you like shipments of spices more than shipments of bananas?- Do you like bars of iron more than shipments of bananas?- what do you like the least?- Do you like shipments of bananas more than shipments of spices?","4","225"
"198","0","580","1","1","34","","","","Do you like bars of gold more than bars of iron?- Do you like bars of iron more than bars of gold?- Do you like shipments of spices more than bars of gold?- Do you like bars of gold more than shipments of spices?- do you like bars of iron more than shipments of spices?- Do you like shipments of bananas more than bars of iron?- Do you like shipments of spices more than bars of iron?- what do you like the most?- Do you like shipments of bananas more than bars of gold?- Do you like shipments of spices more than shipments of bananas?- Do you like bars of gold more than shipments of bananas?- what do you like the least?","4- 8- 12- 16- 20- 23- 26- 29- 32- 34","250- 285- 305- 385- 415- 460- 485- 525- 550- 575"
"200","35","370","4","0","35","35","360","5- 5- 0- 0","Do you like shipments of spices more than bars of gold?- Do you like bars of gold more than shipments of spices?- do you like bars of iron more than shipments of spices?- Do you like shipments of spices more than bars of iron?- what do you like the most?- what do you like the least?","",""
"201","35","165","1","0","35","35","160","5- 5- 0- 0","Do you like bars of gold more than bars of iron?- Do you like bars of iron more than bars of gold?- do you like bars of iron more than shipments of spices?- Do you like shipments of bananas more than bars of iron?- Do you like shipments of spices more than bars of iron?- what do you like the most?- Do you like shipments of bananas more than bars of gold?- Do you like shipments of spices more than shipments of bananas?- Do you like bars of iron more than shipments of bananas?- Do you like bars of gold more than shipments of bananas?- what do you like the least?- Do you like shipments of bananas more than shipments of spices?","",""
"202","32","295","4","0","34","32","160","5- 5- 1- 0","Do you like shipments of spices more than bars of gold?- Do you like bars of gold more than shipments of spices?- do you like bars of iron more than shipments of spices?- Do you like shipments of spices more than bars of iron?- what do you like the most?- what do you like the least?","34","270"
"203","31","285","1","0","31","31","270","4- 4- 1- 1","Do you like shipments of spices more than bars of gold?- Do you like bars of gold more than shipments of spices?- do you like bars of iron more than shipments of spices?- Do you like shipments of bananas more than bars of iron?- Do you like shipments of spices more than bars of iron?- what do you like the most?- Do you like shipments of bananas more than bars of gold?- Do you like shipments of spices more than shipments of bananas?- Do you like bars of iron more than shipments of bananas?- Do you like bars of gold more than shipments of bananas?- what do you like the least?- Do you like shipments of bananas more than shipments of spices?","",""
"204","32","140","3","0","32","32","130","5- 2- 3- 0","Do you like bars of gold more than bars of iron?- Do you like bars of iron more than bars of gold?- Do you like shipments of bananas more than bars of iron?- what do you like the most?- Do you like shipments of bananas more than bars of gold?- Do you like bars of iron more than shipments of bananas?- Do you like bars of gold more than shipments of bananas?- what do you like the least?","",""
